_id,inittime,termtime,tag
ObjectId(5cdeb96d89f938d0c4fd0c66),1.558100328062013e+09,1.5581003337944045e+09,test
ObjectId(5cdeb9d089f938a06c911d40),1.5581003702089355e+09,1.558100432362653e+09,discard
ObjectId(5cdeba6689f938c9b006c409),1.558100550831249e+09,1.5581005826571467e+09,still
ObjectId(5cdebacf89f938b50c38e072),1.5581006527202682e+09,1.5581006877193542e+09,turn_over_left
ObjectId(5cdebb1c89f938bf30ab99f3),1.5581007329563713e+09,1.558100764319183e+09,turn_over_right
ObjectId(5cdebb5589f938a8b0890a20),1.5581007905722053e+09,1.5581008218647914e+09,turn_over_lright
ObjectId(5cdebbba89f938a60ce48c4a),1.55810089122351e+09,1.5581009225990026e+09,legs_stretch
ObjectId(5cdebd8589f9386aa4bc7fa2),1.5581010721423156e+09,1.5581013815393195e+09,huang
ObjectId(5cdebde289f93810bd5ea95f),1.5581014430945034e+09,1.5581014744511397e+09,turn_over_left
ObjectId(5cdebe1389f9383bf89c1652),1.558101492251661e+09,1.5581015237375598e+09,turn_over_right
ObjectId(5cdebe4789f93855f485090c),1.55810154384211e+09,1.5581015752191997e+09,turn_over_lright
ObjectId(5cdebea889f938736c91e909),1.5581016265707154e+09,1.558101672672703e+09,legs_stretch
ObjectId(5cdebff789f938cc101b9254),1.5581016987087393e+09,1.5581020078239968e+09,teng
ObjectId(5cdec0a589f938efb403309f),1.5581021402304926e+09,1.5581021815781019e+09,turn_over_left
ObjectId(5cdec0d689f9384aec0aa8fc),1.558102198103483e+09,1.558102230676615e+09,turn_over_right
ObjectId(5cdec13e89f938670880d561),1.558102301879314e+09,1.5581023344991488e+09,turn_over_lright
ObjectId(5cdec18589f9386a1ce2e024),1.558102373096398e+09,1.5581024052754254e+09,legs_stretch
ObjectId(5cdec19889f9385a586c3be4),1.558102421137791e+09,1.5581024242843704e+09,discard
ObjectId(5cdec2e489f938c2548227d4),1.5581024449592605e+09,1.558102756066542e+09,yang
